{"cameraMode":{"drawMode":0,"name":"Shaded","section":"Shading Mode"},"sceneLighting":false,"audioPlay":false,"sceneViewState":{"showFog":true,"showMaterialUpdate":true,"showSkybox":false,"showFlares":true,"showImageEffects":true,"showParticleSystems":true},"in2DMode":false,"pivot":{"x":-1.9395902156829835,"y":-0.11369597911834717,"z":-2.6925718784332277},"rotation":{"x":0.1571349948644638,"y":-0.4865607023239136,"z":0.08944869786500931,"w":0.8547359108924866},"size":35.45242691040039,"orthographic":false}