{"cameraMode":{"drawMode":0,"name":"Shaded","section":"Shading Mode"},"sceneLighting":false,"audioPlay":false,"sceneViewState":{"showFog":true,"showMaterialUpdate":true,"showSkybox":false,"showFlares":true,"showImageEffects":true,"showParticleSystems":true},"in2DMode":false,"pivot":{"x":-0.04905503988265991,"y":0.7397371530532837,"z":0.06695429980754852},"rotation":{"x":-0.0978441834449768,"y":0.8614698052406311,"z":-0.18174591660499574,"w":-0.4640325903892517},"size":4.702955722808838,"orthographic":false}