{"cameraMode":{"drawMode":0,"name":"Shaded","section":"Shading Mode"},"sceneLighting":true,"audioPlay":false,"sceneViewState":{"showFog":true,"showMaterialUpdate":true,"showSkybox":true,"showFlares":true,"showImageEffects":true,"showParticleSystems":true},"in2DMode":false,"pivot":{"x":58.982120513916019,"y":19.821752548217775,"z":50.9251594543457},"rotation":{"x":-0.07172104716300965,"y":0.8753823637962341,"z":-0.13715848326683045,"w":-0.45805659890174868},"size":22.11514663696289,"orthographic":false}