{"cameraMode":{"drawMode":0,"name":"Shaded","section":"Shading Mode"},"sceneLighting":false,"audioPlay":false,"sceneViewState":{"showFog":true,"showMaterialUpdate":true,"showSkybox":false,"showFlares":true,"showImageEffects":true,"showParticleSystems":true},"in2DMode":false,"pivot":{"x":-9.779999732971192,"y":2.2367420196533205,"z":-0.0299999862909317},"rotation":{"x":-0.0978441834449768,"y":0.8614698052406311,"z":-0.18174591660499574,"w":-0.4640325903892517},"size":6.163157939910889,"orthographic":false}