{"cameraMode":{"drawMode":0,"name":"Shaded","section":"Shading Mode"},"sceneLighting":false,"audioPlay":false,"sceneViewState":{"showFog":true,"showMaterialUpdate":false,"showSkybox":false,"showFlares":true,"showImageEffects":true,"showParticleSystems":true},"in2DMode":false,"pivot":{"x":-0.03843933343887329,"y":0.7934907674789429,"z":0.10112662613391876},"rotation":{"x":-0.023001618683338167,"y":0.976997435092926,"z":-0.15096789598464967,"w":-0.14885714650154115},"size":5.929753303527832,"orthographic":false}