{"cameraMode":{"drawMode":0,"name":"Shaded","section":"Shading Mode"},"sceneLighting":false,"audioPlay":false,"sceneViewState":{"showFog":true,"showMaterialUpdate":false,"showSkybox":false,"showFlares":true,"showImageEffects":true,"showParticleSystems":true},"in2DMode":false,"pivot":{"x":0.056595802307128909,"y":0.23025056719779969,"z":0.2257843017578125},"rotation":{"x":-0.04694777727127075,"y":0.91895592212677,"z":-0.1152939721941948,"w":-0.3742001950740814},"size":47.048255920410159,"orthographic":false}